id,first_name,last_name,email,ip_address
1,Adelle,Duferie,aduferie0@guardian.co.uk,1.98.55.125
2,Gaby,Killford,gkillford1@ocn.ne.jp,5.43.166.176
3,Jerrilee,Burg,jburg2@google.pl,20.12.32.233
4,Ann-marie,Castelletto,acastelletto3@gnu.org,114.143.249.53
5,Shurlock,Deakin,sdeakin4@go.com,118.249.35.132
6,Marj,Sooley,msooley5@soundcloud.com,105.194.9.234
7,Ilise,Dulling,idulling6@salon.com,144.27.216.62
8,Alejandro,Ruhben,aruhben7@java.com,197.35.93.78
9,Pincus,Threlkeld,pthrelkeld8@sitemeter.com,226.114.221.53
10,Dianemarie,Waye,dwaye9@adobe.com,93.158.165.178
11,Mira,Munsey,mmunseya@dmoz.org,224.220.18.55
12,Jemie,Pyson,jpysonb@topsy.com,253.230.215.239
13,Lamar,Gayler,lgaylerc@scientificamerican.com,11.235.30.72
14,Colene,Cours,ccoursd@unblog.fr,14.218.148.2
15,Elijah,Jacob,ejacobe@woothemes.com,220.24.111.21
16,Barnaby,Corradeschi,bcorradeschif@gmpg.org,137.127.109.151
17,Carita,Hyne,chyneg@earthlink.net,234.185.99.6
18,Tallie,Haighton,thaightonh@thetimes.co.uk,178.66.189.101
19,Muffin,McAughtry,mmcaughtryi@desdev.cn,155.17.119.89
20,Dione,Talbot,dtalbotj@vimeo.com,130.189.8.89
21,Eran,Fain,efaink@tripod.com,25.133.192.3
22,Barnabas,Hedditch,bhedditchl@npr.org,230.251.21.148
23,Morena,Bloschke,mbloschkem@ed.gov,160.20.199.201
24,Robbert,Eitter,reittern@bing.com,170.8.178.134